{
  "domain": "travel",
  "seed_a": 42,
  "seed_b": 137,
  "latencies": {
    "a": [
      1.17482445796486,
      0.6997449999907985,
      0.7074895420228131
    ],
    "b": [
      0.7153111250372604,
      0.6389888330013491,
      0.718208083009813
    ]
  },
  "p95": {
    "a": 1.5486923907184973,
    "b": 0.7205256493878551
  }
}